<?xml version="1.0" encoding="UTF-8"?>
<project-private xmlns="http://www.netbeans.org/ns/project-private/1">
    <editor-bookmarks xmlns="http://www.netbeans.org/ns/editor-bookmarks/2" lastBookmarkId="0"/>
    <open-files xmlns="http://www.netbeans.org/ns/projectui-open-files/2">
        <group>
            <file>file:/C:/Users/joaom/Desktop/PA1819_Projeto/src/pa1819_projeto/DAOSerializationCourse.java</file>
            <file>file:/C:/Users/joaom/Desktop/PA1819_Projeto/src/pa1819_projeto/Menu/MakePath.java</file>
            <file>file:/C:/Users/joaom/Desktop/PA1819_Projeto/src/pa1819_projeto/CourseManagerRead/Route.java</file>
            <file>file:/C:/Users/joaom/Desktop/PA1819_Projeto/src/pa1819_projeto/Menu/Stats.java</file>
            <file>file:/C:/Users/joaom/Desktop/PA1819_Projeto/src/pa1819_projeto/PercentageStats.java</file>
            <file>file:/C:/Users/joaom/Desktop/PA1819_Projeto/src/pa1819_projeto/Menu/TicketMenu.java</file>
            <file>file:/C:/Users/joaom/Desktop/PA1819_Projeto/src/pa1819_projeto/PA1819_Projeto.java</file>
            <file>file:/C:/Users/joaom/Desktop/PA1819_Projeto/src/pa1819_projeto/RegularBilling.java</file>
            <file>file:/C:/Users/joaom/Desktop/PA1819_Projeto/src/pa1819_projeto/GraphView/Arrow.java</file>
            <file>file:/C:/Users/joaom/Desktop/PA1819_Projeto/src/tree/BoundaryViolationException.java</file>
            <file>file:/C:/Users/joaom/Desktop/PA1819_Projeto/src/pa1819_projeto/GraphView/VertexPlacementStrategy.java</file>
            <file>file:/C:/Users/joaom/Desktop/PA1819_Projeto/test/pa1819_projeto/CourseManagerTest.java</file>
            <file>file:/C:/Users/joaom/Desktop/PA1819_Projeto/src/pa1819_projeto/DAOCourse.java</file>
            <file>file:/C:/Users/joaom/Desktop/PA1819_Projeto/src/pa1819_projeto/Menu/Controler.java</file>
            <file>file:/C:/Users/joaom/Desktop/PA1819_Projeto/src/pa1819_projeto/CourseInfo.java</file>
            <file>file:/C:/Users/joaom/Desktop/PA1819_Projeto/src/pa1819_projeto/Menu/MapSelection.java</file>
            <file>file:/C:/Users/joaom/Desktop/PA1819_Projeto/src/pa1819_projeto/Caretaker.java</file>
            <file>file:/C:/Users/joaom/Desktop/PA1819_Projeto/src/pa1819_projeto/Memento.java</file>
            <file>file:/C:/Users/joaom/Desktop/PA1819_Projeto/src/pa1819_projeto/Menu/MainPane.java</file>
            <file>file:/C:/Users/joaom/Desktop/PA1819_Projeto/src/pa1819_projeto/Logg.java</file>
            <file>file:/C:/Users/joaom/Desktop/PA1819_Projeto/src/pa1819_projeto/CourseManagerRead/Dot.java</file>
            <file>file:/C:/Users/joaom/Desktop/PA1819_Projeto/src/pa1819_projeto/Menu/TopBar.java</file>
            <file>file:/C:/Users/joaom/Desktop/PA1819_Projeto/src/pa1819_projeto/BillingNIF.java</file>
            <file>file:/C:/Users/joaom/Desktop/PA1819_Projeto/src/pa1819_projeto/GraphView/GraphEdge.java</file>
            <file>file:/C:/Users/joaom/Desktop/PA1819_Projeto/src/pa1819_projeto/CourseManager.java</file>
            <file>file:/C:/Users/joaom/Desktop/PA1819_Projeto/src/pa1819_projeto/Billing.java</file>
            <file>file:/C:/Users/joaom/Desktop/PA1819_Projeto/src/pa1819_projeto/CourseManagerException.java</file>
        </group>
    </open-files>
</project-private>
